id;title;description;description_content_type;start_date_time;end_date_time
1;Administrator Home Rest;../fake-data/blob/hipster.png;image/png;2021-02-06T08:15:01;2021-02-05T17:43:53
2;niches iterate sky blue;../fake-data/blob/hipster.png;image/png;2021-02-06T02:24:21;2021-02-06T06:19:55
3;Cayman Islands enterprise;../fake-data/blob/hipster.png;image/png;2021-02-06T09:24:22;2021-02-06T07:08:01
4;wireless;../fake-data/blob/hipster.png;image/png;2021-02-06T06:09:34;2021-02-06T15:24:13
5;Rubber Computers;../fake-data/blob/hipster.png;image/png;2021-02-06T11:58:29;2021-02-06T07:59:14
6;product online Drive;../fake-data/blob/hipster.png;image/png;2021-02-05T16:36:09;2021-02-06T14:16:28
7;Shoes revolutionize deposit;../fake-data/blob/hipster.png;image/png;2021-02-06T08:59:10;2021-02-06T11:26:14
8;bus;../fake-data/blob/hipster.png;image/png;2021-02-05T21:22:57;2021-02-06T01:35:18
9;Haiti Borders;../fake-data/blob/hipster.png;image/png;2021-02-06T02:55:52;2021-02-05T20:09:12
10;Right-sized Cayman Islands Dollar;../fake-data/blob/hipster.png;image/png;2021-02-06T13:35:39;2021-02-06T13:37:00
