id;fname;lname;email;birth_date
1;EXE;fuchsia Macao;Silas.Kassulke11@yahoo.com;2021-02-04
2;Customer Ergonomic Concrete Table;Frozen protocol;Shanny.Wiegand@gmail.com;2021-02-05
3;Factors Rustic Concrete Shoes Cambridgeshire;context-sensitive;Cary.Romaguera14@yahoo.com;2021-02-05
4;Graphic Interface matrices;Morocco;Katrina.Parisian39@gmail.com;2021-02-04
5;open system Mall Human;Directives Rubber;Emmanuel.Legros5@hotmail.com;2021-02-04
6;wireless Liaison;content-based interactive Bedfordshire;Dannie84@gmail.com;2021-02-04
7;Streets implementation;Chilean Peso Unidades de fomento deposit;Maximus.Dickens71@hotmail.com;2021-02-04
8;Home Loan Account Buckinghamshire portals;Intelligent Mouse sexy;Ettie.Denesik@gmail.com;2021-02-04
9;Buckinghamshire;e-services;Pink.Anderson@yahoo.com;2021-02-04
10;Leone reboot;Pa'anga;Jordyn51@hotmail.com;2021-02-04
